mq2_now,mq135_now,mq2_delta,mq135_delta,mq2_mean_window,mq135_mean_window,mq2_max_window,mq135_max_window,label
0.78,0.64,-0.010000000000000009,0.0,0.7901666666666667,0.6386666666666667,0.81,0.65,SAFE
0.81,0.64,0.020000000000000018,0.0,0.7943333333333336,0.6385000000000001,0.82,0.65,SAFE
0.83,0.64,0.039999999999999925,0.010000000000000009,0.8119999999999999,0.6416666666666668,0.84,0.65,SAFE
0.83,0.65,0.010000000000000009,0.010000000000000009,0.8248333333333334,0.646,0.84,0.66,SAFE
0.84,0.65,0.020000000000000018,0.010000000000000009,0.8300000000000001,0.6489999999999999,0.85,0.66,SAFE
0.83,0.65,0.0,0.010000000000000009,0.8351666666666666,0.6489999999999998,0.85,0.66,SAFE
0.85,0.65,0.020000000000000018,0.0,0.8381666666666666,0.6476666666666666,0.86,0.66,SAFE
0.87,0.68,0.040000000000000036,0.040000000000000036,0.8573333333333333,0.6551666666666667,0.9,0.69,SAFE
0.94,0.68,0.07999999999999996,0.030000000000000027,0.8879999999999999,0.6703333333333333,0.95,0.69,SAFE
0.9,0.71,0.030000000000000027,0.029999999999999916,0.914833333333333,0.6935,0.95,0.72,SAFE
1.0,0.7,0.06999999999999995,0.019999999999999907,0.9328333333333333,0.7126666666666667,1.0,0.73,SAFE
0.93,0.69,0.030000000000000027,-0.020000000000000018,0.9536666666666668,0.7069999999999997,1.01,0.73,SAFE
0.9,0.67,-0.10999999999999999,-0.039999999999999925,0.9429999999999998,0.689,1.01,0.71,SAFE
1.06,0.67,0.13,-0.010000000000000009,0.9355000000000001,0.675,1.06,0.7,SAFE
1.19,0.99,0.2799999999999999,0.31999999999999995,1.0578333333333334,0.8065000000000001,1.2,1.17,SAFE
1.09,0.87,0.020000000000000018,0.19999999999999996,1.1555,0.9329999999999999,1.2,1.17,SAFE
0.99,0.77,-0.20999999999999996,-0.22999999999999998,1.0915,0.8765000000000002,1.2,1.0,SAFE
0.95,0.79,-0.14000000000000012,-0.07999999999999996,0.9998333333333335,0.792,1.09,0.88,SAFE
0.91,0.82,-0.07999999999999996,0.04999999999999993,0.9478333333333331,0.7903333333333332,0.99,0.85,SAFE
1.13,0.89,0.029999999999999805,-0.19000000000000006,1.1603333333333332,0.9891666666666665,1.25,1.09,SAFE
1.21,0.98,-0.040000000000000036,-0.13000000000000012,1.1741666666666666,1.0218333333333331,1.27,1.11,SAFE
1.16,0.97,0.039999999999999813,-0.08000000000000007,1.1705000000000003,0.9851666666666666,1.24,1.05,SAFE
1.13,1.06,-0.08000000000000007,-0.10999999999999988,1.1783333333333332,1.1233333333333333,1.21,1.17,SAFE
1.06,1.1,-0.11999999999999988,0.0,1.1275,1.0963333333333334,1.19,1.13,SAFE
1.03,1.05,-0.09000000000000008,-0.010000000000000009,1.0703333333333334,1.0786666666666669,1.13,1.12,SAFE
1.09,1.04,0.030000000000000027,-0.07000000000000006,1.0481666666666667,1.05,1.09,1.11,SAFE
1.18,1.01,0.1499999999999999,-0.030000000000000027,1.0876666666666668,1.0321666666666667,1.18,1.07,SAFE
1.12,1.16,0.020000000000000018,0.11999999999999988,1.1413333333333333,1.0303333333333333,1.18,1.16,SAFE
1.1,0.94,0.07000000000000006,-0.08000000000000007,1.0458333333333334,1.0243333333333333,1.1,1.12,SAFE
1.22,0.91,0.19999999999999996,-0.12,1.1108333333333331,0.9484999999999998,1.23,1.06,SAFE
1.13,1.09,0.029999999999999805,0.14000000000000012,1.1858333333333333,0.9375000000000001,1.24,1.09,SAFE
1.1,0.85,-0.10999999999999988,-0.050000000000000044,1.1481666666666668,0.9791666666666666,1.24,1.14,SAFE
1.04,0.76,-0.08999999999999986,-0.33000000000000007,1.0895000000000001,0.8978333333333333,1.13,1.14,SAFE
1.08,0.73,-0.010000000000000009,-0.10999999999999999,1.0608333333333333,0.7874999999999999,1.12,0.85,SAFE
1.07,0.7,0.030000000000000027,-0.08000000000000007,1.0605000000000002,0.7525000000000001,1.1,0.85,SAFE
1.06,0.67,-0.020000000000000018,-0.05999999999999994,1.0771666666666668,0.7038333333333333,1.1,0.74,SAFE
1.02,0.67,-0.050000000000000044,-0.029999999999999916,1.0601666666666667,0.6858333333333333,1.1,0.71,SAFE
1.02,0.98,-0.040000000000000036,0.29999999999999993,1.0366666666666668,0.737,1.08,0.98,SAFE
1.32,1.11,0.22999999999999998,-0.07999999999999985,1.2149999999999996,1.1449999999999998,1.39,1.19,SAFE
0.91,0.66,-0.010000000000000009,0.0,0.9174999999999999,0.6613333333333333,0.94,0.68,SAFE
0.91,0.66,-0.010000000000000009,0.010000000000000009,0.9181666666666666,0.6633333333333333,0.94,0.68,SAFE
0.91,0.66,-0.010000000000000009,0.0,0.9175,0.6636666666666666,0.93,0.68,SAFE
0.91,0.66,0.0,0.0,0.9173333333333333,0.6634999999999999,0.93,0.68,SAFE
0.92,0.66,0.010000000000000009,0.0,0.9178333333333335,0.6634999999999999,0.93,0.68,SAFE
0.92,0.68,0.010000000000000009,0.030000000000000027,0.9183333333333334,0.6634999999999999,0.93,0.68,SAFE
0.92,0.66,0.010000000000000009,0.0,0.9186666666666666,0.6641666666666666,0.93,0.68,SAFE
0.93,0.66,0.0,-0.020000000000000018,0.9198333333333333,0.6643333333333333,0.93,0.68,SAFE
0.92,0.66,0.0,-0.010000000000000009,0.9198333333333334,0.6638333333333333,0.93,0.68,SAFE
0.92,0.67,0.0,0.010000000000000009,0.9206666666666667,0.6646666666666668,0.94,0.68,SAFE
0.92,0.66,0.010000000000000009,0.0,0.9216666666666666,0.6658333333333333,0.94,0.68,SAFE
0.92,0.66,-0.010000000000000009,0.0,0.9218333333333334,0.6656666666666667,0.93,0.68,SAFE
0.91,0.66,-0.020000000000000018,-0.010000000000000009,0.9218333333333334,0.6655,0.94,0.68,SAFE
0.91,0.66,-0.010000000000000009,0.0,0.923,0.6655,0.94,0.68,SAFE
0.91,0.66,-0.010000000000000009,-0.010000000000000009,0.9224999999999999,0.6655,0.94,0.68,SAFE
0.92,0.66,0.010000000000000009,0.0,0.9198333333333332,0.6648333333333334,0.93,0.67,SAFE
0.92,0.66,0.0,-0.010000000000000009,0.9198333333333334,0.6646666666666666,0.94,0.67,SAFE
0.92,0.67,-0.019999999999999907,0.0,0.9208333333333335,0.6649999999999999,0.94,0.68,SAFE
0.93,0.67,0.0,0.0,0.9205,0.6651666666666666,0.94,0.68,SAFE
0.92,0.66,0.0,0.0,0.9191666666666668,0.6648333333333334,0.94,0.69,SAFE
0.92,0.66,0.010000000000000009,0.0,0.9191666666666668,0.6644999999999999,0.93,0.69,SAFE
0.92,0.66,-0.010000000000000009,-0.010000000000000009,0.9205000000000001,0.6645000000000001,0.93,0.68,SAFE
0.92,0.66,0.0,-0.010000000000000009,0.9191666666666668,0.664,0.93,0.68,SAFE
0.91,0.66,0.0,-0.010000000000000009,0.917,0.6639999999999999,0.93,0.68,SAFE
0.92,0.67,0.010000000000000009,0.010000000000000009,0.9171666666666667,0.6638333333333332,0.93,0.68,SAFE
0.92,0.66,0.010000000000000009,0.0,0.9166666666666666,0.6629999999999999,0.93,0.67,SAFE
0.91,0.65,0.0,-0.010000000000000009,0.9154999999999999,0.6624999999999999,0.93,0.67,SAFE
0.91,0.66,-0.010000000000000009,0.0,0.9139999999999999,0.6626666666666665,0.93,0.67,SAFE
0.92,0.67,0.010000000000000009,0.010000000000000009,0.9135000000000002,0.663,0.93,0.67,SAFE
0.92,0.66,-0.010000000000000009,-0.010000000000000009,0.9155,0.6629999999999999,0.93,0.67,SAFE
0.92,0.67,0.0,0.0,0.9159999999999999,0.6635000000000001,0.93,0.67,SAFE
0.92,0.67,-0.010000000000000009,0.010000000000000009,0.9143333333333334,0.6628333333333333,0.93,0.67,SAFE
0.91,0.66,-0.010000000000000009,0.0,0.9146666666666666,0.6624999999999999,0.93,0.68,SAFE
0.91,0.67,0.0,0.020000000000000018,0.9149999999999999,0.6636666666666666,0.93,0.68,SAFE
0.93,0.66,0.010000000000000009,-0.010000000000000009,0.9155,0.6628333333333333,0.93,0.67,SAFE
0.91,0.66,-0.020000000000000018,0.0,0.9166666666666665,0.6619999999999997,0.93,0.67,SAFE
0.92,0.66,0.010000000000000009,0.0,0.9165,0.6621666666666666,0.93,0.67,SAFE
0.93,0.67,0.020000000000000018,0.010000000000000009,0.9168333333333334,0.6629999999999998,0.93,0.67,SAFE
1.36,0.82,-0.09999999999999987,-0.040000000000000036,1.397333333333333,0.8379999999999999,1.46,0.86,SAFE
1.32,0.81,-0.05999999999999983,-0.029999999999999916,1.3589999999999998,0.8240000000000001,1.4,0.85,SAFE
1.27,0.81,-0.08000000000000007,-0.009999999999999898,1.3158333333333332,0.8155,1.36,0.85,SAFE
1.3,0.85,-0.020000000000000018,0.030000000000000027,1.2880000000000003,0.8218333333333335,1.32,0.85,SAFE
1.32,0.82,0.040000000000000036,0.0,1.2964999999999995,0.8343333333333335,1.33,0.85,SAFE
1.31,0.81,0.010000000000000009,-0.029999999999999916,1.3146666666666669,0.8271666666666668,1.33,0.85,SAFE
1.27,0.81,-0.06000000000000005,-0.019999999999999907,1.305666666666667,0.8115,1.33,0.83,SAFE
1.29,0.83,-0.010000000000000009,0.019999999999999907,1.2896666666666667,0.8168333333333334,1.32,0.84,SAFE
1.33,0.82,0.06000000000000005,0.009999999999999898,1.296166666666667,0.8266666666666667,1.34,0.84,SAFE
1.34,0.82,0.050000000000000044,-0.010000000000000009,1.3205,0.8203333333333334,1.36,0.84,SAFE
1.35,0.83,0.010000000000000009,0.010000000000000009,1.3421666666666667,0.82,1.36,0.83,SAFE
1.34,0.84,-0.010000000000000009,0.029999999999999916,1.3456666666666666,0.8298333333333333,1.36,0.85,SAFE
1.28,0.82,-0.07000000000000006,-0.010000000000000009,1.3291666666666668,0.833,1.35,0.85,SAFE
1.24,0.8,-0.10000000000000009,-0.039999999999999925,1.29,0.8220000000000002,1.34,0.84,SAFE
1.23,0.79,-0.07000000000000006,-0.039999999999999925,1.2466666666666666,0.8063333333333333,1.3,0.84,SAFE
1.21,0.79,-0.020000000000000018,-0.010000000000000009,1.227833333333333,0.7943333333333332,1.25,0.81,SAFE
1.21,0.81,-0.030000000000000027,0.020000000000000018,1.2221666666666664,0.7961666666666668,1.25,0.82,SAFE
1.18,0.81,-0.030000000000000027,0.020000000000000018,1.203166666666667,0.8058333333333335,1.23,0.82,SAFE
1.4,0.77,-0.07000000000000006,0.0,1.4445,0.7706666666666668,1.48,0.78,SAFE
1.38,0.79,-0.09000000000000008,0.030000000000000027,1.411,0.7755,1.47,0.79,SAFE
1.34,0.79,-0.06999999999999984,0.010000000000000009,1.3733333333333333,0.7868333333333333,1.41,0.8,SAFE
1.33,0.78,-0.04999999999999982,-0.020000000000000018,1.3493333333333333,0.7881666666666668,1.38,0.8,SAFE
1.35,0.79,0.0,-0.010000000000000009,1.3555,0.785,1.4,0.8,SAFE
1.32,0.78,-0.020000000000000018,0.010000000000000009,1.351333333333333,0.7830000000000001,1.4,0.8,SAFE
1.3,0.78,-0.050000000000000044,-0.010000000000000009,1.32,0.7775000000000001,1.35,0.8,SAFE
1.28,0.78,-0.050000000000000044,0.0,1.304666666666667,0.78,1.33,0.79,SAFE
1.25,0.78,-0.050000000000000044,-0.010000000000000009,1.2793333333333332,0.783,1.32,0.79,SAFE
1.2,0.76,-0.09000000000000008,-0.030000000000000027,1.2376666666666665,0.7719999999999999,1.29,0.79,SAFE
1.4,0.73,-0.07000000000000006,-0.010000000000000009,1.4515,0.7371666666666665,1.49,0.75,SAFE
1.31,0.81,-0.10999999999999988,-0.029999999999999916,1.3383333333333334,0.8180000000000001,1.42,0.84,SAFE
1.26,0.77,-0.06000000000000005,-0.040000000000000036,1.2993333333333335,0.8020000000000002,1.33,0.82,SAFE
1.2,0.76,-0.1100000000000001,-0.050000000000000044,1.263166666666667,0.7818333333333333,1.31,0.81,SAFE
1.24,0.76,-0.020000000000000018,-0.020000000000000018,1.2371666666666665,0.7669999999999999,1.27,0.79,SAFE
1.41,0.76,0.20999999999999996,0.010000000000000009,1.2635,0.7635,1.42,0.78,SAFE
1.36,0.77,0.1100000000000001,-0.010000000000000009,1.351166666666667,0.7686666666666667,1.44,0.79,SAFE
1.25,0.76,-0.16999999999999993,-0.010000000000000009,1.3568333333333331,0.7683333333333332,1.44,0.79,SAFE
1.2,0.75,-0.16000000000000014,-0.020000000000000018,1.2658333333333331,0.759,1.36,0.77,SAFE
1.37,0.77,-0.08999999999999986,-0.030000000000000027,1.4011666666666664,0.7801666666666668,1.46,0.8,SAFE
1.36,0.8,-0.11999999999999988,-0.029999999999999916,1.4140000000000001,0.8118333333333332,1.48,0.83,SAFE
1.32,0.79,-0.08999999999999986,-0.020000000000000018,1.3599999999999999,0.7971666666666668,1.41,0.82,SAFE
1.3,0.78,-0.06000000000000005,-0.010000000000000009,1.3198333333333332,0.7846666666666667,1.36,0.8,SAFE
1.29,0.77,-0.030000000000000027,-0.010000000000000009,1.293166666666667,0.7735000000000001,1.32,0.8,SAFE
1.28,0.75,-0.010000000000000009,-0.020000000000000018,1.2908333333333333,0.7653333333333332,1.31,0.78,SAFE
1.35,0.77,0.050000000000000044,0.0,1.3054999999999997,0.7635000000000002,1.35,0.78,SAFE
1.39,0.78,0.09999999999999987,0.020000000000000018,1.3523333333333334,0.7686666666666667,1.41,0.79,SAFE
1.34,0.78,-0.020000000000000018,0.020000000000000018,1.3803333333333332,0.7791666666666668,1.41,0.8,SAFE
1.29,0.78,-0.10999999999999988,-0.010000000000000009,1.3388333333333338,0.7820000000000001,1.4,0.8,SAFE
1.27,0.78,-0.08000000000000007,0.0,1.2954999999999999,0.7811666666666669,1.35,0.8,SAFE
1.33,0.81,0.050000000000000044,0.030000000000000027,1.2866666666666666,0.7886666666666667,1.33,0.81,SAFE
1.38,0.8,0.09999999999999987,0.020000000000000018,1.3371666666666664,0.7993333333333332,1.4,0.81,SAFE
0.94,0.76,-0.010000000000000009,0.0,0.951,0.7599999999999999,0.96,0.78,SAFE
0.94,0.76,-0.010000000000000009,0.0,0.9503333333333334,0.7593333333333331,0.96,0.78,SAFE
0.94,0.76,-0.010000000000000009,0.0,0.9469999999999998,0.7604999999999998,0.96,0.78,SAFE
0.94,0.76,0.0,0.010000000000000009,0.9408333333333333,0.7603333333333333,0.96,0.78,SAFE
0.93,0.76,-0.009999999999999898,-0.010000000000000009,0.9354999999999999,0.7591666666666665,0.95,0.78,SAFE
0.94,0.75,0.0,0.0,0.9331666666666665,0.7578333333333334,0.95,0.78,SAFE
0.93,0.75,0.0,-0.010000000000000009,0.9296666666666665,0.7565000000000001,0.94,0.77,SAFE
0.94,0.76,0.009999999999999898,0.0,0.9291666666666666,0.7594999999999998,0.95,0.77,SAFE
0.94,0.77,0.019999999999999907,0.010000000000000009,0.9318333333333333,0.7618333333333333,0.95,0.77,SAFE
0.93,0.76,-0.009999999999999898,0.0,0.9295000000000001,0.7598333333333332,0.95,0.77,SAFE
0.93,0.76,-0.009999999999999898,0.0,0.9248333333333334,0.7591666666666667,0.95,0.77,SAFE
0.93,0.75,0.0,-0.010000000000000009,0.9220000000000002,0.7576666666666666,0.94,0.77,SAFE
0.94,0.77,0.019999999999999907,0.010000000000000009,0.9301666666666668,0.759,0.96,0.77,SAFE
0.93,0.77,0.0,0.010000000000000009,0.9445,0.7631666666666668,0.96,0.77,SAFE
0.97,0.76,0.020000000000000018,0.0,0.9498333333333334,0.7623333333333331,0.97,0.77,SAFE
0.95,0.76,0.010000000000000009,0.0,0.9548333333333333,0.7604999999999998,0.97,0.77,SAFE
0.94,0.76,-0.030000000000000027,-0.010000000000000009,0.9541666666666668,0.7615,0.97,0.77,SAFE
0.94,0.76,0.019999999999999907,0.0,0.9466666666666665,0.7616666666666665,0.96,0.78,SAFE
0.93,0.76,-0.019999999999999907,0.0,0.9416666666666665,0.7611666666666667,0.96,0.78,SAFE
0.94,0.75,0.0,0.0,0.9358333333333332,0.7591666666666665,0.95,0.78,SAFE
0.93,0.77,0.0,0.020000000000000018,0.9298333333333333,0.7578333333333334,0.94,0.78,SAFE
0.93,0.76,0.0,0.010000000000000009,0.9254999999999999,0.7573333333333332,0.94,0.78,SAFE
0.93,0.76,0.0,0.0,0.923,0.7561666666666667,0.94,0.77,SAFE
0.92,0.76,-0.010000000000000009,-0.010000000000000009,0.9201666666666668,0.7556666666666666,0.93,0.77,SAFE
0.92,0.76,-0.010000000000000009,0.0,0.9176666666666665,0.7539999999999999,0.94,0.77,SAFE
0.92,0.75,0.010000000000000009,0.0,0.9151666666666666,0.7525,0.94,0.76,SAFE
0.91,0.75,-0.010000000000000009,-0.010000000000000009,0.9133333333333333,0.7511666666666666,0.93,0.77,SAFE
0.92,0.75,0.010000000000000009,0.0,0.913,0.7518333333333334,0.93,0.77,SAFE
0.92,0.75,0.0,0.010000000000000009,0.9155,0.7536666666666666,0.93,0.77,SAFE
0.91,0.75,0.0,0.0,0.9159999999999999,0.7529999999999999,0.93,0.76,SAFE
0.88,0.75,-0.040000000000000036,0.0,0.9109999999999999,0.7516666666666667,0.93,0.76,SAFE
0.9,0.75,-0.010000000000000009,0.0,0.9081666666666667,0.7515000000000001,0.92,0.76,SAFE
0.92,0.75,0.020000000000000018,0.0,0.9071666666666667,0.7503333333333334,0.92,0.76,SAFE
0.9,0.76,0.0,0.010000000000000009,0.9053333333333333,0.7498333333333334,0.93,0.76,SAFE
0.91,0.75,0.0,0.0,0.9036666666666667,0.7494999999999999,0.93,0.76,SAFE
0.89,0.75,-0.020000000000000018,0.0,0.9021666666666667,0.7483333333333334,0.92,0.77,SAFE
0.91,0.75,0.010000000000000009,0.0,0.9019999999999998,0.748,0.91,0.77,SAFE
0.89,0.76,-0.020000000000000018,0.0,0.9015,0.7494999999999999,0.91,0.76,SAFE
0.91,0.75,0.010000000000000009,-0.010000000000000009,0.9023333333333332,0.7498333333333334,0.92,0.76,SAFE
0.9,0.74,0.0,-0.010000000000000009,0.9041666666666666,0.7485,0.92,0.76,SAFE
0.89,0.74,-0.010000000000000009,-0.010000000000000009,0.902,0.7475000000000002,0.92,0.76,SAFE
0.89,0.75,-0.010000000000000009,0.0,0.8989999999999999,0.7471666666666669,0.91,0.76,SAFE
0.91,0.75,0.010000000000000009,0.0,0.8993333333333332,0.7473333333333335,0.92,0.76,SAFE
0.9,0.75,0.0,0.0,0.9001666666666667,0.7476666666666668,0.92,0.77,SAFE
0.91,0.75,0.010000000000000009,0.0,0.9028333333333333,0.7476666666666668,0.92,0.77,SAFE
0.91,0.75,0.0,0.010000000000000009,0.9073333333333334,0.7471666666666668,0.92,0.76,SAFE
0.91,0.75,-0.010000000000000009,-0.010000000000000009,0.9086666666666666,0.7473333333333334,0.92,0.76,SAFE
0.92,0.74,0.010000000000000009,0.010000000000000009,0.9078333333333333,0.7463333333333335,0.92,0.76,SAFE
0.94,0.75,0.039999999999999925,0.0,0.9163333333333333,0.7465,0.94,0.76,SAFE
1.09,0.74,0.18000000000000005,0.010000000000000009,0.9755000000000001,0.7468333333333335,1.1,0.76,SAFE
1.28,0.83,0.3400000000000001,0.07999999999999996,1.1075000000000002,0.7573333333333333,1.28,0.83,SAFE
1.19,0.86,0.08999999999999986,0.12,1.2274999999999998,0.8013333333333335,1.32,0.86,SAFE
1.09,0.93,-0.20999999999999996,0.12,1.2035000000000002,0.8619999999999999,1.32,0.93,SAFE
1.04,0.93,-0.15999999999999992,0.07000000000000006,1.102666666666667,0.9121666666666666,1.2,0.96,SAFE
1.07,0.87,-0.030000000000000027,-0.050000000000000044,1.0481666666666667,0.9143333333333333,1.1,0.96,SAFE
1.22,0.85,0.17999999999999994,-0.06000000000000005,1.0955000000000001,0.8746666666666667,1.23,0.92,SAFE
1.13,0.85,0.04999999999999982,-0.020000000000000018,1.1689999999999998,0.8535000000000001,1.23,0.87,SAFE
1.06,0.9,-0.15999999999999992,0.040000000000000036,1.14,0.8616666666666666,1.23,0.9,SAFE
1.02,0.95,-0.10000000000000009,0.09999999999999998,1.0701666666666667,0.9016666666666668,1.13,0.95,SAFE
0.98,0.91,-0.08000000000000007,0.010000000000000009,1.0203333333333333,0.9323333333333333,1.06,0.95,SAFE
1.0,0.87,-0.020000000000000018,-0.07999999999999996,1.0021666666666667,0.9093333333333331,1.02,0.95,SAFE
0.98,0.83,-0.010000000000000009,-0.08000000000000007,0.9966666666666665,0.8678333333333335,1.02,0.92,SAFE
1.02,0.83,0.020000000000000018,-0.040000000000000036,0.9896666666666666,0.8404999999999999,1.02,0.87,SAFE
1.03,0.82,0.050000000000000044,-0.010000000000000009,1.0105,0.8285,1.05,0.85,SAFE
1.06,0.83,0.050000000000000044,0.0,1.0446666666666666,0.8228333333333333,1.08,0.83,SAFE
1.05,0.87,0.010000000000000009,0.050000000000000044,1.0583333333333333,0.8329999999999999,1.08,0.87,SAFE
1.0,0.9,-0.06000000000000005,0.07000000000000006,1.0370000000000001,0.8601666666666667,1.07,0.9,SAFE
0.97,0.97,-0.07000000000000006,0.09999999999999998,0.9963333333333334,0.9051666666666666,1.04,0.97,SAFE
0.94,0.99,-0.07000000000000006,0.08999999999999997,0.9676666666666667,0.9571666666666668,1.01,0.99,SAFE
0.93,0.94,-0.039999999999999925,-0.020000000000000018,0.9499999999999998,0.9721666666666666,0.98,1.0,SAFE
0.93,0.88,-0.009999999999999898,-0.12,0.9366666666666666,0.9373333333333335,0.96,1.0,SAFE
0.92,0.84,-0.010000000000000009,-0.09000000000000008,0.9293333333333335,0.8868333333333336,0.95,0.94,SAFE
0.92,0.82,-0.019999999999999907,-0.06000000000000005,0.9230000000000002,0.85,0.95,0.89,SAFE
0.97,0.81,0.05999999999999994,-0.029999999999999916,0.9216666666666666,0.8248333333333335,0.97,0.85,SAFE
1.0,0.79,0.08999999999999997,-0.039999999999999925,0.9581666666666668,0.8075,1.02,0.83,SAFE
1.14,0.86,0.17999999999999994,0.05999999999999994,1.0231666666666666,0.8031666666666667,1.14,0.86,SAFE
1.05,0.9,0.040000000000000036,0.10999999999999999,1.0671666666666664,0.8443333333333332,1.14,0.91,SAFE
1.02,0.91,-0.10000000000000009,0.050000000000000044,1.0528333333333333,0.8969999999999998,1.13,0.93,SAFE
0.98,0.9,-0.050000000000000044,0.0,1.0096666666666665,0.9088333333333333,1.05,0.93,SAFE
0.96,0.89,-0.040000000000000036,-0.020000000000000018,0.9828333333333332,0.8991666666666667,1.01,0.92,SAFE
1.06,0.87,0.08000000000000007,-0.030000000000000027,0.9876666666666666,0.8829999999999999,1.06,0.91,SAFE
1.08,0.86,0.10000000000000009,-0.020000000000000018,1.0423333333333333,0.8771666666666665,1.1,0.9,SAFE
1.08,0.83,0.020000000000000018,-0.050000000000000044,1.078,0.8623333333333333,1.1,0.9,SAFE
1.12,0.84,0.030000000000000027,-0.020000000000000018,1.0866666666666667,0.8365000000000004,1.13,0.87,SAFE
1.06,0.86,-0.010000000000000009,0.030000000000000027,1.0945,0.8403333333333334,1.13,0.86,SAFE
1.04,0.93,-0.08000000000000007,0.10000000000000009,1.0703333333333336,0.8753333333333332,1.12,0.94,SAFE
1.01,0.99,-0.06000000000000005,0.13,1.0276666666666665,0.9253333333333332,1.07,0.99,SAFE
0.97,0.98,-0.06000000000000005,0.04999999999999993,0.9888333333333333,0.9768333333333331,1.03,1.02,SAFE
0.94,0.89,-0.050000000000000044,-0.09999999999999998,0.9618333333333334,0.9646666666666667,0.99,1.02,SAFE
0.93,0.93,-0.039999999999999925,-0.039999999999999925,0.9434999999999999,0.91,0.97,0.97,SAFE
0.95,0.96,0.0,0.06999999999999995,0.9368333333333335,0.9226666666666667,0.95,0.97,SAFE
0.95,0.95,0.019999999999999907,0.010000000000000009,0.9426666666666669,0.9453333333333334,0.96,0.97,SAFE
0.93,0.87,-0.019999999999999907,-0.07999999999999996,0.9395000000000001,0.9221666666666665,0.96,0.95,SAFE
0.93,0.94,-0.009999999999999898,0.0,0.9296666666666665,0.9114999999999999,0.94,0.94,SAFE
1.02,0.88,0.09999999999999998,0.0,0.9511666666666668,0.9166666666666666,1.02,0.95,SAFE
1.12,0.85,0.18000000000000016,-0.08999999999999997,1.0193333333333332,0.8888333333333336,1.12,0.95,SAFE
1.27,0.97,0.25,0.08999999999999997,1.1318333333333332,0.8846666666666666,1.27,0.97,SAFE
1.33,1.05,0.20000000000000018,0.20000000000000007,1.253,0.9788333333333333,1.34,1.11,SAFE
1.17,0.92,-0.07000000000000006,-0.22999999999999987,1.2126666666666668,0.9431666666666666,1.26,1.15,SAFE
1.26,1.03,0.020000000000000018,0.14,1.2108333333333334,0.9450000000000001,1.27,1.08,SAFE
1.28,0.82,0.10000000000000009,-0.12,1.2526666666666666,0.9643333333333336,1.28,1.08,SAFE
1.3,0.85,0.050000000000000044,-0.18000000000000005,1.267166666666667,0.8718333333333335,1.3,1.03,SAFE
1.32,0.8,0.040000000000000036,-0.029999999999999916,1.2946666666666666,0.8361666666666666,1.34,0.87,SAFE
1.35,0.76,0.050000000000000044,-0.08999999999999997,1.3326666666666667,0.8051666666666666,1.36,0.87,SAFE
1.29,0.86,-0.040000000000000036,0.05999999999999994,1.343666666666667,0.7893333333333333,1.37,0.86,SAFE
1.19,0.84,-0.15000000000000013,0.08999999999999997,1.2906666666666669,0.8213333333333335,1.37,0.87,SAFE
1.11,0.89,-0.17999999999999994,0.020000000000000018,1.1921666666666666,0.8400000000000001,1.3,0.89,SAFE
1.09,0.92,-0.09999999999999987,0.09000000000000008,1.1228333333333333,0.8716666666666667,1.2,0.92,SAFE
1.16,0.9,0.04999999999999982,0.010000000000000009,1.1153333333333333,0.9015,1.16,0.92,SAFE
1.24,0.93,0.1399999999999999,0.020000000000000018,1.164333333333333,0.9373333333333334,1.25,1.01,SAFE
1.3,0.77,0.15000000000000013,-0.15000000000000002,1.2413333333333332,0.894,1.32,1.01,SAFE
1.27,0.9,0.050000000000000044,-0.010000000000000009,1.2726666666666666,0.8005,1.32,0.91,SAFE
0.94,0.89,-0.07000000000000006,-0.29999999999999993,0.9811666666666666,1.0,1.02,1.19,SAFE
0.93,0.9,0.040000000000000036,-0.21000000000000008,0.8988333333333334,0.9788333333333333,0.93,1.11,SAFE
0.98,0.9,0.07999999999999996,-0.05999999999999994,0.9269999999999998,0.9113333333333332,0.98,0.96,SAFE
0.95,0.9,0.029999999999999916,0.0,0.9641666666666667,0.9053333333333333,1.01,0.93,SAFE
0.95,0.9,-0.030000000000000027,0.0,0.9666666666666667,0.8991666666666666,1.01,0.92,SAFE
0.93,0.98,-0.029999999999999916,0.05999999999999994,0.9408333333333333,0.9158333333333333,0.97,0.99,SAFE
0.9,1.12,-0.030000000000000027,0.22000000000000008,0.9199999999999999,0.9891666666666666,0.95,1.12,SAFE
0.89,1.0,-0.040000000000000036,-0.1100000000000001,0.9095000000000001,1.0243333333333333,0.94,1.11,SAFE
0.89,0.99,-0.010000000000000009,0.030000000000000027,0.8966666666666667,0.9994999999999999,0.91,1.08,SAFE
0.96,0.75,-0.010000000000000009,0.020000000000000018,0.965,0.7253333333333332,0.98,0.75,SAFE
0.96,0.72,-0.010000000000000009,-0.010000000000000009,0.9603333333333333,0.7294999999999998,0.97,0.75,SAFE
0.93,0.72,-0.039999999999999925,-0.020000000000000018,0.9546666666666666,0.7284999999999999,0.97,0.74,SAFE
0.95,0.73,0.0,0.0,0.9468333333333333,0.7251666666666665,0.96,0.74,SAFE
0.94,0.72,0.0,0.0,0.9399999999999998,0.7234999999999998,0.96,0.74,SAFE
0.92,0.71,-0.019999999999999907,-0.020000000000000018,0.9333333333333333,0.7191666666666665,0.95,0.73,SAFE
0.93,0.71,-0.009999999999999898,-0.010000000000000009,0.9279999999999998,0.7143333333333332,0.94,0.73,SAFE
0.92,0.71,0.0,0.0,0.9238333333333333,0.7100000000000001,0.94,0.72,SAFE
0.91,0.7,-0.010000000000000009,-0.010000000000000009,0.9201666666666665,0.7056666666666669,0.94,0.72,SAFE
0.91,0.7,-0.010000000000000009,-0.010000000000000009,0.9175,0.7041666666666669,0.93,0.72,SAFE
0.93,0.72,0.010000000000000009,0.0,0.9186666666666666,0.7050000000000001,0.93,0.72,SAFE
0.92,0.7,0.0,-0.010000000000000009,0.9226666666666667,0.7053333333333336,0.94,0.72,SAFE
0.92,0.71,0.0,0.010000000000000009,0.9251666666666668,0.7056666666666668,0.94,0.72,SAFE
0.92,0.7,0.0,0.0,0.9265,0.7066666666666668,0.94,0.72,SAFE
0.93,0.7,0.010000000000000009,0.0,0.9271666666666667,0.7070000000000001,0.94,0.72,SAFE
0.95,0.71,0.029999999999999916,0.010000000000000009,0.9341666666666666,0.7055000000000001,0.96,0.72,SAFE
0.94,0.7,0.009999999999999898,0.0,0.9416666666666667,0.7051666666666668,0.96,0.72,SAFE
0.95,0.73,0.0,0.020000000000000018,0.9418333333333334,0.7056666666666668,0.96,0.73,SAFE
0.94,0.72,0.0,0.010000000000000009,0.941333333333333,0.7083333333333334,0.96,0.73,SAFE
1.23,0.76,0.29000000000000004,0.050000000000000044,0.9434999999999998,0.7113333333333333,1.23,0.76,SAFE
0.97,0.44,0.010000000000000009,-0.010000000000000009,0.9541666666666668,0.4426666666666667,0.97,0.46,SAFE
0.95,0.44,-0.010000000000000009,0.0,0.9543333333333334,0.4431666666666667,0.97,0.46,SAFE
0.95,0.44,-0.010000000000000009,-0.010000000000000009,0.9535000000000002,0.443,0.97,0.46,SAFE
0.95,0.44,0.0,0.0,0.9530000000000001,0.4423333333333334,0.97,0.46,SAFE
0.95,0.45,0.0,0.020000000000000018,0.9523333333333335,0.44200000000000006,0.96,0.46,SAFE
0.96,0.45,0.010000000000000009,0.010000000000000009,0.9510000000000002,0.4413333333333333,0.97,0.45,SAFE
0.95,0.44,0.010000000000000009,0.0,0.9501666666666667,0.4418333333333334,0.97,0.45,SAFE
0.94,0.44,-0.020000000000000018,0.0,0.9474999999999999,0.4420000000000001,0.96,0.45,SAFE
0.94,0.44,-0.010000000000000009,-0.010000000000000009,0.9451666666666667,0.43983333333333335,0.96,0.45,SAFE
0.95,0.45,0.010000000000000009,0.020000000000000018,0.9451666666666668,0.4396666666666667,0.95,0.45,SAFE
0.95,0.45,0.0,0.010000000000000009,0.9465,0.4408333333333333,0.96,0.45,SAFE
0.94,0.44,0.0,0.0,0.9465000000000001,0.44000000000000006,0.96,0.45,SAFE
0.94,0.43,0.0,-0.010000000000000009,0.9451666666666666,0.44000000000000006,0.96,0.45,SAFE
0.95,0.45,0.010000000000000009,0.010000000000000009,0.9438333333333333,0.4398333333333334,0.96,0.45,SAFE
0.95,0.44,0.010000000000000009,0.010000000000000009,0.9440000000000003,0.4400000000000001,0.96,0.45,SAFE
0.94,0.44,-0.010000000000000009,0.0,0.9450000000000001,0.4401666666666667,0.96,0.45,SAFE
0.95,0.45,0.0,0.010000000000000009,0.9453333333333336,0.4401666666666667,0.96,0.45,SAFE
0.95,0.43,0.010000000000000009,-0.010000000000000009,0.9446666666666667,0.4406666666666667,0.96,0.45,SAFE
0.95,0.44,0.010000000000000009,-0.010000000000000009,0.9433333333333335,0.4391666666666667,0.95,0.45,SAFE
0.94,0.43,-0.010000000000000009,0.0,0.9419999999999998,0.4385000000000001,0.95,0.45,SAFE
0.93,0.43,-0.019999999999999907,-0.010000000000000009,0.9406666666666665,0.43916666666666676,0.95,0.46,SAFE
0.94,0.43,0.009999999999999898,0.0,0.9409999999999997,0.43866666666666665,0.95,0.46,SAFE
0.95,0.45,0.019999999999999907,0.020000000000000018,0.942,0.4385,0.96,0.46,SAFE
0.95,0.45,0.029999999999999916,0.020000000000000018,0.9420000000000002,0.4385000000000001,0.96,0.46,SAFE
0.93,0.44,-0.019999999999999907,0.0,0.9416666666666665,0.4383333333333334,0.96,0.46,SAFE
0.94,0.44,-0.010000000000000009,-0.010000000000000009,0.9406666666666665,0.43883333333333335,0.96,0.46,SAFE
0.94,0.44,0.0,-0.010000000000000009,0.9398333333333332,0.43850000000000006,0.95,0.45,SAFE
0.94,0.43,-0.010000000000000009,-0.020000000000000018,0.9408333333333332,0.43800000000000006,0.95,0.45,SAFE
0.94,0.45,-0.010000000000000009,0.020000000000000018,0.9418333333333334,0.4388333333333334,0.95,0.45,SAFE
0.94,0.44,0.009999999999999898,0.0,0.939,0.4373333333333334,0.95,0.45,SAFE
0.95,0.44,0.019999999999999907,0.010000000000000009,0.9398333333333331,0.43650000000000005,0.96,0.45,SAFE
0.94,0.44,-0.010000000000000009,0.0,0.9428333333333332,0.43750000000000006,0.96,0.45,SAFE
0.94,0.44,-0.010000000000000009,0.0,0.9404999999999998,0.43716666666666676,0.95,0.45,SAFE
0.95,0.44,0.029999999999999916,0.0,0.9406666666666668,0.43666666666666676,0.96,0.45,SAFE
0.95,0.44,0.0,0.0,0.9408333333333333,0.4370000000000001,0.96,0.45,SAFE
0.94,0.44,-0.010000000000000009,0.0,0.9408333333333333,0.4381666666666667,0.95,0.46,SAFE
0.94,0.44,0.0,-0.010000000000000009,0.9423333333333332,0.43850000000000017,0.95,0.46,SAFE
0.94,0.44,-0.010000000000000009,0.0,0.9414999999999999,0.43783333333333346,0.95,0.45,SAFE
0.94,0.43,0.0,0.0,0.9418333333333333,0.43716666666666676,0.95,0.45,SAFE
0.94,0.44,-0.010000000000000009,0.0,0.9416666666666665,0.4368333333333333,0.95,0.45,SAFE
0.94,0.44,0.009999999999999898,0.010000000000000009,0.9399999999999998,0.4375000000000001,0.96,0.45,SAFE
0.94,0.44,0.009999999999999898,0.010000000000000009,0.9389999999999997,0.43750000000000006,0.96,0.45,SAFE
0.93,0.43,-0.009999999999999898,-0.010000000000000009,0.9381666666666665,0.4356666666666667,0.95,0.45,SAFE
0.94,0.43,-0.010000000000000009,-0.010000000000000009,0.9369999999999997,0.4351666666666667,0.95,0.45,SAFE
0.93,0.43,0.0,0.0,0.9363333333333332,0.4365,0.95,0.45,SAFE
0.93,0.44,-0.009999999999999898,0.0,0.9359999999999998,0.43716666666666676,0.95,0.45,SAFE
0.92,0.43,-0.029999999999999916,0.0,0.9349999999999999,0.43550000000000005,0.95,0.45,SAFE
0.92,0.43,-0.019999999999999907,-0.010000000000000009,0.9339999999999998,0.433,0.96,0.45,SAFE
0.93,0.43,-0.029999999999999916,0.0,0.9346666666666664,0.4341666666666667,0.96,0.45,SAFE
0.93,0.42,-0.009999999999999898,-0.010000000000000009,0.9358333333333332,0.43566666666666676,0.95,0.45,SAFE
0.93,0.43,-0.009999999999999898,0.0,0.9361666666666665,0.4351666666666667,0.95,0.45,SAFE
0.92,1.29,-0.029999999999999916,0.49,0.9138333333333334,0.9266666666666665,0.96,1.29,WARN
0.9,1.31,-0.010000000000000009,-0.42999999999999994,0.9015000000000002,1.3574999999999997,0.92,1.74,WARN
1.24,0.97,0.1100000000000001,-0.4099999999999999,1.1309999999999998,1.1281666666666668,1.25,1.38,WARN
1.07,1.2,-0.17999999999999994,0.22999999999999998,1.1436666666666666,0.967,1.25,1.2,WARN
1.06,1.34,-0.06999999999999984,0.44000000000000006,1.0870000000000002,1.1081666666666667,1.14,1.34,WARN
1.05,1.34,-0.030000000000000027,0.10000000000000009,1.0499999999999998,1.3705000000000003,1.08,1.65,WARN
1.19,1.14,0.1299999999999999,-0.2300000000000002,1.0650000000000002,1.38,1.19,1.65,WARN
1.19,1.11,0.1299999999999999,-0.20999999999999996,1.1503333333333332,1.1976666666666667,1.24,1.32,WARN
1.23,1.33,0.030000000000000027,0.19000000000000017,1.2041666666666664,1.1604999999999999,1.24,1.34,WARN
1.1,1.05,-0.07999999999999985,-0.06000000000000005,1.173333333333333,1.1705,1.23,1.34,WARN
1.25,1.11,0.08000000000000007,-0.51,1.2488333333333335,1.3205,1.3,1.62,WARN
1.14,1.01,-0.15000000000000013,-0.28,1.2318333333333336,1.1200000000000006,1.29,1.29,WARN
1.29,1.32,0.15000000000000013,0.31000000000000005,1.2198333333333335,1.0843333333333334,1.33,1.32,WARN
1.18,1.54,-0.020000000000000018,0.55,1.2555000000000005,1.2918333333333334,1.33,1.55,WARN
1.09,1.44,-0.17999999999999994,0.1299999999999999,1.1733333333333333,1.4529999999999998,1.28,1.55,WARN
1.05,1.3,-0.1299999999999999,-0.24,1.093,1.4271666666666663,1.18,1.54,WARN
1.17,1.33,0.08999999999999986,-0.08999999999999986,1.063,1.3693333333333333,1.17,1.48,WARN
1.21,1.47,0.16999999999999993,0.16999999999999993,1.1451666666666667,1.3501666666666663,1.25,1.48,WARN
1.13,1.05,-0.040000000000000036,-0.26,1.1913333333333331,1.234333333333333,1.25,1.47,WARN
1.21,0.98,0.0,-0.43999999999999995,1.1481666666666663,1.0733333333333333,1.21,1.42,WARN
1.37,1.75,0.13000000000000012,0.74,1.2435,1.072,1.39,1.75,WARN
1.43,1.35,0.1499999999999999,-0.25,1.3635000000000004,1.454,1.43,1.61,WARN
1.4,1.28,0.029999999999999805,-0.16999999999999993,1.4093333333333333,1.3516666666666668,1.49,1.45,WARN
1.36,1.2,-0.07999999999999985,-0.15000000000000013,1.4135000000000002,1.2721666666666667,1.49,1.35,WARN
1.24,1.11,-0.17999999999999994,-0.16999999999999993,1.3221666666666665,1.1934999999999998,1.42,1.28,WARN
1.37,1.18,0.0,-0.030000000000000027,1.3213333333333337,1.1271666666666667,1.44,1.21,WARN
1.25,1.39,-0.010000000000000009,0.2799999999999998,1.3371666666666668,1.2313333333333334,1.44,1.42,WARN
1.53,1.21,0.15999999999999992,0.020000000000000018,1.3271666666666666,1.3218333333333334,1.53,1.42,WARN
1.31,1.23,0.06000000000000005,-0.15999999999999992,1.3866666666666667,1.2795,1.53,1.39,WARN
1.21,1.16,-0.32000000000000006,-0.050000000000000044,1.3365,1.2206666666666666,1.53,1.31,WARN
1.18,1.1,-0.13000000000000012,-0.1399999999999999,1.221,1.1556666666666664,1.31,1.24,WARN
1.04,1.58,-0.11999999999999988,0.5800000000000001,1.1141666666666667,1.231,1.18,1.6,WARN
1.04,1.36,-0.07000000000000006,0.19000000000000017,1.0493333333333335,1.3966666666666667,1.13,1.6,WARN
1.0,1.45,-0.040000000000000036,-0.1100000000000001,1.0106666666666668,1.3888333333333334,1.04,1.56,WARN
0.98,1.23,-0.050000000000000044,-0.15999999999999992,0.9908333333333332,1.3863333333333336,1.03,1.53,WARN
1.04,1.03,0.030000000000000027,-0.4099999999999999,0.999,1.2270000000000003,1.04,1.44,WARN
1.01,1.07,0.030000000000000027,-0.1399999999999999,1.0313333333333334,1.0896666666666666,1.07,1.21,WARN
1.05,1.24,0.010000000000000009,0.5599999999999999,1.026,1.0896666666666666,1.05,1.64,WARN
1.34,1.34,0.32000000000000006,0.3400000000000001,1.0808333333333333,1.2608333333333333,1.34,1.64,WARN
0.92,1.27,-0.029999999999999916,-0.43999999999999995,0.9195,1.4371666666666667,0.95,1.71,WARN
1.1,1.19,0.18000000000000005,-0.21999999999999997,0.9885000000000003,1.2788333333333335,1.15,1.41,WARN
1.15,1.14,0.22999999999999987,-0.13000000000000012,1.090166666666667,1.1975000000000002,1.16,1.27,WARN
1.07,1.56,-0.020000000000000018,-0.21999999999999997,1.0451666666666666,1.5971666666666666,1.09,1.78,WARN
1.05,1.31,0.030000000000000027,-0.29000000000000004,1.0605,1.4741666666666664,1.11,1.62,WARN
1.15,1.47,0.16999999999999993,-0.19999999999999996,1.0931666666666666,1.5446666666666669,1.17,1.67,WARN
1.11,1.41,-0.029999999999999805,-0.1100000000000001,1.1449999999999998,1.4625,1.18,1.52,WARN
1.02,1.47,-0.1299999999999999,0.010000000000000009,1.0996666666666668,1.4131666666666665,1.18,1.47,WARN
0.96,1.52,-0.14000000000000012,0.1100000000000001,1.0270000000000001,1.4548333333333332,1.1,1.53,WARN
0.98,1.42,-0.030000000000000027,-0.040000000000000036,0.9873333333333334,1.4905000000000002,1.02,1.53,WARN
0.99,1.3,0.0,-0.21999999999999997,0.9739999999999999,1.4326666666666668,0.99,1.52,WARN
1.06,1.22,0.08000000000000007,-0.18999999999999995,1.0041666666666669,1.322833333333333,1.07,1.46,WARN
1.24,1.23,0.24,-0.07000000000000006,1.0895000000000001,1.2438333333333333,1.24,1.3,WARN
1.86,0.99,-0.07999999999999985,-0.06000000000000005,1.8946666666666665,1.0303333333333335,1.95,1.05,WARN
1.84,0.95,-0.039999999999999813,-0.08000000000000007,1.8651666666666666,0.9920000000000002,1.89,1.04,WARN
1.76,0.95,-0.1100000000000001,-0.030000000000000027,1.8273333333333335,0.9508333333333334,1.88,0.99,WARN
1.66,0.91,-0.18000000000000016,-0.039999999999999925,1.7513333333333334,0.9368333333333332,1.84,0.95,WARN
1.58,0.93,-0.16999999999999993,-0.019999999999999907,1.6573333333333333,0.9274999999999999,1.75,0.95,WARN
1.57,0.92,-0.07999999999999985,0.0,1.5851666666666666,0.9201666666666668,1.65,0.94,WARN
1.55,0.9,-0.020000000000000018,-0.030000000000000027,1.5639999999999998,0.9216666666666665,1.59,0.94,WARN
1.51,0.86,-0.050000000000000044,-0.07000000000000006,1.546166666666667,0.9033333333333332,1.59,0.94,WARN
1.47,0.89,-0.08000000000000007,-0.010000000000000009,1.5076666666666667,0.8735000000000002,1.57,0.9,WARN
1.42,0.87,-0.08000000000000007,0.0,1.4678333333333335,0.8748333333333332,1.51,0.9,WARN
1.56,0.87,0.09000000000000008,-0.010000000000000009,1.4503333333333333,0.8758333333333332,1.56,0.9,WARN
1.47,0.86,0.050000000000000044,-0.010000000000000009,1.4851666666666667,0.8671666666666666,1.56,0.88,WARN
1.37,0.84,-0.17999999999999994,-0.040000000000000036,1.4646666666666668,0.8593333333333334,1.56,0.88,WARN
1.63,0.84,-0.29000000000000004,-0.09999999999999998,1.756333333333333,0.8850000000000002,1.92,0.95,WARN
1.61,0.82,-0.1299999999999999,-0.06000000000000005,1.6491666666666667,0.8438333333333332,1.74,0.88,WARN
1.7,0.81,0.07000000000000006,-0.029999999999999916,1.6283333333333336,0.8195,1.7,0.84,WARN
1.62,0.79,0.010000000000000009,-0.020000000000000018,1.6645,0.8019999999999999,1.74,0.83,WARN
1.51,0.77,-0.19999999999999996,-0.030000000000000027,1.6223333333333334,0.7895000000000001,1.74,0.81,WARN
1.47,0.77,-0.14000000000000012,-0.020000000000000018,1.5213333333333336,0.7796666666666668,1.61,0.8,WARN
1.47,0.77,-0.040000000000000036,-0.010000000000000009,1.4695,0.7735000000000002,1.51,0.78,WARN
1.7,0.76,0.45999999999999996,-0.020000000000000018,1.2615000000000003,0.7599999999999999,1.7,0.78,WARN
1.61,0.75,0.41000000000000014,-0.010000000000000009,1.4945,0.7518333333333334,1.75,0.77,WARN
1.48,0.74,-0.22999999999999998,0.0,1.6061666666666667,0.7443333333333335,1.75,0.76,WARN
1.46,0.74,-0.13000000000000012,0.0,1.4999999999999998,0.741,1.59,0.76,WARN
1.48,0.73,0.020000000000000018,-0.010000000000000009,1.4446666666666668,0.7328333333333332,1.53,0.76,WARN
1.49,0.73,0.09000000000000008,0.0,1.4955,0.7299999999999999,1.57,0.76,WARN
1.48,0.74,-0.010000000000000009,0.010000000000000009,1.502333333333333,0.7313333333333333,1.57,0.75,WARN
1.56,0.84,0.07000000000000006,0.10999999999999999,1.4703333333333333,0.7438333333333333,1.57,0.84,WARN
1.55,0.85,0.08000000000000007,0.12,1.5359999999999998,0.8066666666666666,1.64,0.88,WARN
1.41,0.84,-0.16000000000000014,-0.010000000000000009,1.542,0.8563333333333336,1.64,0.88,WARN
1.32,0.81,-0.22999999999999998,-0.029999999999999916,1.4236666666666664,0.8381666666666667,1.55,0.87,WARN
1.71,0.74,0.44999999999999996,-0.020000000000000018,1.269,0.7483333333333334,1.71,0.76,WARN
1.73,0.79,-0.15999999999999992,-0.029999999999999916,1.8121666666666665,0.8085,1.89,0.83,WARN
1.64,0.79,-0.16000000000000014,-0.020000000000000018,1.7276666666666667,0.7966666666666667,1.8,0.82,WARN
1.82,0.88,0.09000000000000008,0.07999999999999996,1.7084999999999997,0.7935000000000001,1.83,0.88,WARN
1.74,0.98,0.09000000000000008,0.19999999999999996,1.7551666666666663,0.876,1.83,0.99,WARN
1.66,0.92,-0.15000000000000013,0.040000000000000036,1.7378333333333333,0.9526666666666667,1.81,0.99,WARN
1.65,0.88,-0.09000000000000008,-0.08999999999999997,1.6761666666666668,0.9294999999999999,1.74,0.97,WARN
1.64,0.84,-0.040000000000000036,-0.09999999999999998,1.647,0.8881666666666668,1.68,0.94,WARN
1.56,0.83,-0.09999999999999987,-0.06000000000000005,1.6189999999999998,0.8544999999999999,1.66,0.89,WARN
1.5,0.8,-0.1399999999999999,-0.05999999999999994,1.5641666666666663,0.8301666666666667,1.64,0.86,WARN
1.44,0.79,-0.1200000000000001,-0.039999999999999925,1.5031666666666668,0.8113333333333331,1.56,0.84,WARN
1.4,0.78,-0.10000000000000009,-0.039999999999999925,1.447,0.7948333333333335,1.51,0.82,WARN
1.64,0.77,0.25,0.020000000000000018,1.4211666666666667,0.7728333333333334,1.64,0.79,WARN
1.65,0.77,0.2799999999999998,0.010000000000000009,1.5614999999999999,0.7718333333333335,1.7,0.79,WARN
1.54,0.78,-0.10999999999999988,0.0,1.6300000000000001,0.7725000000000002,1.7,0.79,WARN
1.51,0.77,-0.1499999999999999,-0.010000000000000009,1.5498333333333332,0.7688333333333335,1.66,0.79,WARN
1.51,0.85,-0.030000000000000027,0.07999999999999996,1.5061666666666669,0.7780000000000001,1.54,0.85,WARN
1.52,0.86,0.020000000000000018,0.08999999999999997,1.5023333333333335,0.8245000000000001,1.53,0.88,WARN
1.55,0.89,0.040000000000000036,0.050000000000000044,1.5258333333333334,0.8619999999999999,1.59,0.89,WARN
1.44,0.92,-0.08000000000000007,0.050000000000000044,1.5196666666666667,0.8773333333333332,1.59,0.92,WARN
1.47,0.9,-0.07000000000000006,0.030000000000000027,1.4531666666666665,0.897,1.54,0.93,WARN
1.54,0.86,0.10000000000000009,-0.07000000000000006,1.4765000000000006,0.8929999999999999,1.56,0.93,WARN
1.49,0.84,0.010000000000000009,-0.050000000000000044,1.5246666666666668,0.8641666666666665,1.56,0.9,WARN
1.41,0.81,-0.13000000000000012,-0.04999999999999993,1.4815,0.8336666666666667,1.55,0.87,WARN
1.56,0.84,0.21999999999999997,0.029999999999999916,1.3873333333333333,0.8043333333333335,1.56,0.84,WARN
1.8,0.84,-0.1499999999999999,-0.020000000000000018,1.8753333333333333,0.8341666666666667,1.95,0.86,WARN
1.77,0.85,-0.10000000000000009,0.020000000000000018,1.8168333333333335,0.8336666666666669,1.87,0.85,WARN
1.68,0.88,-0.13000000000000012,0.040000000000000036,1.7596666666666672,0.8556666666666667,1.82,0.88,WARN
1.61,0.85,-0.1499999999999999,0.0,1.6783333333333332,0.872,1.76,0.89,WARN
1.56,0.86,-0.10999999999999988,-0.010000000000000009,1.6068333333333333,0.8658333333333332,1.67,0.89,WARN
1.6,0.87,0.0,0.010000000000000009,1.5818333333333332,0.8669999999999999,1.61,0.88,WARN
1.53,0.86,-0.030000000000000027,0.0,1.572166666666667,0.872,1.61,0.89,WARN
1.51,0.85,-0.09000000000000008,-0.030000000000000027,1.5360000000000003,0.8606666666666666,1.6,0.89,WARN
1.49,0.86,-0.050000000000000044,0.0,1.5115,0.85,1.54,0.86,WARN
1.48,0.84,-0.040000000000000036,-0.010000000000000009,1.5006666666666666,0.8485000000000001,1.52,0.86,WARN
1.45,0.83,-0.040000000000000036,-0.020000000000000018,1.4793333333333334,0.8403333333333334,1.51,0.86,WARN
1.27,1.22,-0.030000000000000027,0.22999999999999998,1.3096666666666672,1.1256666666666668,1.34,1.35,WARN
1.27,1.29,-0.07000000000000006,0.24,1.2913333333333334,1.2280000000000004,1.34,1.35,WARN
1.24,1.15,-0.030000000000000027,-0.06000000000000005,1.2596666666666665,1.2895000000000003,1.28,1.45,WARN
1.23,0.9,-0.050000000000000044,-0.41000000000000003,1.2458333333333333,1.1683333333333337,1.28,1.45,WARN
1.28,1.22,-0.020000000000000018,0.45999999999999996,1.2761666666666673,0.9889999999999998,1.31,1.35,WARN
1.22,1.34,-0.06000000000000005,0.42000000000000004,1.2639999999999996,1.2226666666666666,1.31,1.35,WARN
1.01,1.3,-0.1100000000000001,-0.42999999999999994,1.0641666666666667,1.4438333333333333,1.13,1.73,WARN
1.0,1.33,-0.06000000000000005,-0.05999999999999983,1.0174999999999998,1.3176666666666665,1.07,1.39,WARN
1.0,1.38,-0.010000000000000009,0.08999999999999986,1.0001666666666666,1.2909999999999997,1.02,1.38,WARN
1.07,1.71,0.08000000000000007,0.3899999999999999,1.0265,1.3998333333333333,1.07,1.71,WARN
1.05,1.57,0.030000000000000027,0.18000000000000016,1.0551666666666668,1.5395,1.08,1.71,WARN
1.01,1.75,-0.050000000000000044,0.040000000000000036,1.0473333333333334,1.6298333333333332,1.08,1.77,WARN
1.0,1.2,-0.040000000000000036,-0.3800000000000001,1.018,1.5925,1.05,1.77,WARN
0.98,0.99,-0.040000000000000036,-0.76,0.9994999999999997,1.2794999999999996,1.02,1.75,WARN
0.93,1.43,-0.039999999999999925,0.43999999999999995,0.9524999999999999,0.9793333333333334,0.98,1.43,WARN
0.89,1.25,-0.020000000000000018,-0.47,0.9096666666666665,1.4143333333333337,0.92,1.72,WARN
0.9,1.12,-0.010000000000000009,-0.2699999999999998,0.9041666666666666,1.2390000000000003,0.92,1.39,WARN
0.89,0.97,-0.010000000000000009,-0.27,0.8955000000000001,1.1145,0.92,1.24,WARN
0.9,1.15,-0.010000000000000009,0.16999999999999993,0.9083333333333333,1.1131666666666669,0.93,1.21,WARN
0.9,1.1,0.0,-0.020000000000000018,0.9016666666666667,1.1518333333333328,0.92,1.21,WARN
0.88,1.25,-0.030000000000000027,0.1100000000000001,0.8936666666666667,1.1405,0.91,1.25,WARN
0.89,1.21,0.0,0.10999999999999988,0.893,1.2011666666666667,0.91,1.28,WARN
0.89,1.3,0.0,0.06000000000000005,0.8943333333333334,1.2615,0.91,1.33,WARN
0.87,1.2,-0.030000000000000027,-0.020000000000000018,0.8885000000000001,1.229166666666667,0.9,1.33,WARN
0.87,1.32,-0.020000000000000018,0.010000000000000009,0.882,1.2401666666666666,0.9,1.35,WARN
0.86,1.52,-0.010000000000000009,0.30000000000000004,0.8765,1.324,0.89,1.52,WARN
0.89,1.35,0.020000000000000018,0.040000000000000036,0.8736666666666666,1.3938333333333333,0.89,1.53,WARN
0.86,1.38,-0.020000000000000018,-0.14000000000000012,0.871,1.3766666666666665,0.89,1.53,WARN
0.88,1.48,0.020000000000000018,0.1399999999999999,0.8696666666666667,1.3795000000000002,0.88,1.51,WARN
0.88,1.44,0.010000000000000009,0.040000000000000036,0.8736666666666667,1.4646666666666663,0.89,1.52,WARN
0.87,1.4,-0.010000000000000009,-0.08000000000000007,0.873,1.4553333333333331,0.89,1.52,WARN
0.87,1.36,0.0,-0.06999999999999984,0.8681666666666668,1.423166666666667,0.88,1.47,WARN
0.86,1.34,-0.020000000000000018,-0.06999999999999984,0.8663333333333333,1.3981666666666668,0.88,1.47,WARN
0.86,1.3,-0.010000000000000009,-0.07000000000000006,0.8653333333333334,1.3206666666666667,0.88,1.41,WARN
0.94,1.18,0.07999999999999996,-0.15000000000000013,0.8796666666666665,1.2541666666666669,0.94,1.33,WARN
0.93,1.39,0.07000000000000006,0.08999999999999986,0.9193333333333334,1.2383333333333333,0.96,1.39,WARN
0.89,1.54,-0.040000000000000036,0.3700000000000001,0.9278333333333334,1.352666666666667,0.96,1.54,WARN
0.92,1.7,0.0,0.31000000000000005,0.9105000000000002,1.5391666666666668,0.94,1.7,WARN
0.95,2.12,0.039999999999999925,1.31,0.9318333333333335,1.3746666666666665,0.99,2.13,CRITICAL
0.9,1.51,-0.030000000000000027,0.18999999999999995,0.9459999999999998,1.7378333333333336,0.99,2.13,CRITICAL
0.91,1.74,-0.039999999999999925,-0.3600000000000001,0.9146666666666666,1.6935000000000002,0.95,2.1,CRITICAL
0.91,1.3,-0.010000000000000009,-0.20999999999999996,0.9035,1.5636666666666665,0.92,1.8,CRITICAL
1.12,1.39,0.22000000000000008,0.09999999999999987,0.9741666666666666,1.4118333333333335,1.15,1.8,CRITICAL
1.11,1.09,0.21000000000000008,-0.25,1.0816666666666668,1.4041666666666663,1.15,1.8,CRITICAL
1.07,1.88,-0.1499999999999999,0.5499999999999998,1.1129999999999998,1.206833333333333,1.22,1.88,CRITICAL
1.15,1.63,0.05999999999999983,0.5699999999999998,1.102666666666667,1.5666666666666667,1.15,2.12,CRITICAL
1.29,1.3,0.21999999999999997,-0.6699999999999999,1.182166666666667,1.6795,1.3,2.12,CRITICAL
1.26,2.26,0.10000000000000009,1.2799999999999998,1.306166666666667,1.6333333333333335,1.39,2.26,CRITICAL
1.26,1.97,-0.1100000000000001,0.17999999999999994,1.2745,2.1081666666666665,1.38,2.26,CRITICAL
1.28,1.61,0.030000000000000027,-0.6499999999999997,1.2451666666666665,1.9433333333333331,1.3,2.26,CRITICAL
1.39,1.46,0.1299999999999999,-0.5,1.3163333333333331,1.6398333333333333,1.43,1.96,CRITICAL
1.18,2.49,0.1399999999999999,1.2900000000000003,1.1886666666666668,1.6074999999999995,1.34,2.5,CRITICAL
1.22,2.56,-0.1100000000000001,1.19,1.2191666666666667,2.309833333333333,1.34,2.61,CRITICAL
1.14,2.62,-0.040000000000000036,0.1299999999999999,1.1965000000000001,2.5636666666666668,1.22,2.63,CRITICAL
1.06,2.44,-0.15999999999999992,-0.14000000000000012,1.1424999999999996,2.566666666666666,1.22,2.63,CRITICAL
1.04,2.12,-0.08999999999999986,-0.5099999999999998,1.0796666666666668,2.3905,1.13,2.63,CRITICAL
1.02,1.95,-0.050000000000000044,-0.4800000000000002,1.0458333333333336,2.1136666666666666,1.09,2.43,CRITICAL
1.03,1.69,-0.020000000000000018,-0.41999999999999993,1.0361666666666667,1.8981666666666668,1.06,2.11,CRITICAL
0.97,1.67,-0.08000000000000007,-0.27,1.023,1.7021666666666666,1.06,1.94,CRITICAL
0.94,1.71,-0.07000000000000006,0.020000000000000018,0.978,1.7171666666666667,1.02,2.06,CRITICAL
0.92,1.41,-0.04999999999999993,-0.26,0.9430000000000001,1.6888333333333334,0.98,2.06,CRITICAL
1.16,1.83,-0.010000000000000009,0.6800000000000002,1.2668333333333333,1.1858333333333335,1.39,1.83,CRITICAL
1.11,2.08,-0.17999999999999994,0.97,1.184666666666667,1.6005,1.3,2.08,CRITICAL
1.07,2.19,-0.07999999999999985,0.30000000000000004,1.1229999999999998,2.0705000000000005,1.17,2.23,CRITICAL
1.02,2.39,-0.10000000000000009,0.29000000000000004,1.0698333333333336,2.2365,1.12,2.39,CRITICAL
1.04,2.5,-0.020000000000000018,0.2799999999999998,1.0356666666666667,2.386833333333333,1.08,2.54,CRITICAL
0.99,2.41,-0.030000000000000027,0.010000000000000231,1.0176666666666667,2.477333333333333,1.05,2.54,CRITICAL
1.04,2.34,0.010000000000000009,-0.15000000000000036,1.014,2.401333333333333,1.05,2.51,CRITICAL
1.02,2.29,0.010000000000000009,-0.10999999999999988,1.0233333333333337,2.3111666666666664,1.05,2.4,CRITICAL
1.07,2.14,0.040000000000000036,-0.17999999999999972,1.0333333333333332,2.2576666666666663,1.08,2.37,CRITICAL
1.03,2.06,0.020000000000000018,-0.22999999999999998,1.0411666666666668,2.1551666666666667,1.08,2.29,CRITICAL
0.97,2.42,-0.09000000000000008,0.29000000000000004,1.0221666666666667,2.1813333333333333,1.07,2.42,CRITICAL
0.97,2.0,-0.06000000000000005,-0.029999999999999805,0.9851666666666665,2.2284999999999995,1.03,2.42,CRITICAL
1.11,2.0,0.14000000000000012,-0.41000000000000014,1.015,2.0376666666666665,1.13,2.41,CRITICAL
1.02,2.08,0.040000000000000036,0.09000000000000008,1.0643333333333336,1.9838333333333331,1.13,2.13,CRITICAL
0.98,2.17,-0.14000000000000012,0.1499999999999999,1.0275,2.0988333333333333,1.12,2.18,CRITICAL
0.95,2.12,-0.07000000000000006,0.03000000000000025,0.9780000000000001,2.143,1.02,2.18,CRITICAL
0.93,2.16,-0.039999999999999925,-0.009999999999999787,0.9491666666666666,2.1673333333333336,0.99,2.24,CRITICAL
0.98,2.23,0.040000000000000036,0.10999999999999988,0.9459999999999998,2.216833333333333,0.98,2.3,CRITICAL
1.0,2.36,0.06999999999999995,0.19999999999999973,0.9661666666666665,2.257,1.0,2.36,CRITICAL
0.95,2.31,0.0,0.06999999999999984,0.9638333333333332,2.3051666666666666,1.0,2.39,CRITICAL
0.92,2.2,-0.039999999999999925,-0.16999999999999993,0.9411666666666666,2.2929999999999997,0.99,2.39,CRITICAL
0.89,2.08,-0.04999999999999993,-0.25,0.9116666666666667,2.2025,0.95,2.34,CRITICAL
0.89,2.09,-0.020000000000000018,-0.10000000000000009,0.8931666666666668,2.13,0.92,2.25,CRITICAL
1.07,1.87,0.19000000000000006,-0.20999999999999996,0.9275,2.0263333333333335,1.07,2.18,CRITICAL
1.05,2.04,0.14,-0.040000000000000036,1.011,1.9283333333333337,1.07,2.08,CRITICAL
1.0,2.12,-0.06000000000000005,0.2400000000000002,1.0314999999999999,2.008,1.07,2.17,CRITICAL
1.03,2.18,0.010000000000000009,0.13000000000000034,1.0128333333333333,2.1348333333333334,1.06,2.18,CRITICAL
1.06,2.45,0.07000000000000006,0.33000000000000007,1.0150000000000001,2.229833333333333,1.06,2.45,CRITICAL
0.98,2.7,-0.050000000000000044,0.54,1.0216666666666667,2.475833333333333,1.1,2.74,CRITICAL
0.97,2.66,-0.10000000000000009,0.18000000000000016,0.9954999999999999,2.6573333333333333,1.1,2.74,CRITICAL
1.01,2.25,0.030000000000000027,-0.4700000000000002,0.9893333333333333,2.558,1.04,2.72,CRITICAL
1.0,2.09,0.020000000000000018,-0.56,1.0078333333333334,2.3123333333333336,1.04,2.65,CRITICAL
1.01,1.98,-0.010000000000000009,-0.25,0.999,2.1725,1.02,2.37,CRITICAL
1.14,1.68,0.1399999999999999,-0.42000000000000015,1.0085000000000002,1.9791666666666667,1.14,2.37,CRITICAL
1.25,1.67,0.26,-0.30000000000000004,1.1326666666666667,1.7106666666666663,1.28,1.97,CRITICAL
1.14,2.09,-0.010000000000000009,0.4099999999999999,1.2116666666666664,1.7481666666666666,1.28,2.09,CRITICAL
1.06,2.13,-0.17999999999999994,0.45999999999999996,1.1368333333333334,1.9985,1.24,2.16,CRITICAL
1.02,1.95,-0.11999999999999988,-0.19000000000000017,1.0730000000000002,2.0815,1.14,2.16,CRITICAL
1.09,1.8,0.020000000000000018,-0.34999999999999987,1.0416666666666667,1.9488333333333334,1.1,2.15,CRITICAL
1.02,1.6,0.0,-0.3599999999999999,1.0433333333333337,1.7796666666666667,1.1,1.98,CRITICAL
1.06,2.59,-0.010000000000000009,1.0399999999999998,1.0745,1.7131666666666667,1.11,2.59,CRITICAL
1.01,2.67,-0.06000000000000005,1.3599999999999999,1.0494999999999999,2.3301666666666674,1.08,2.72,CRITICAL
0.96,2.67,-0.10000000000000009,0.06999999999999984,1.0073333333333332,2.6688333333333327,1.06,2.72,CRITICAL
0.97,2.69,-0.040000000000000036,0.020000000000000018,0.9773333333333333,2.6563333333333334,1.01,2.71,CRITICAL
1.0,2.62,0.030000000000000027,-0.04999999999999982,0.9806666666666666,2.6616666666666666,1.02,2.72,CRITICAL
1.04,2.33,0.07000000000000006,-0.3599999999999999,1.0034999999999998,2.5465000000000004,1.05,2.72,CRITICAL
0.97,2.06,-0.040000000000000036,-0.5499999999999998,1.0158333333333331,2.302,1.05,2.61,CRITICAL
0.99,1.98,-0.050000000000000044,-0.3500000000000001,0.9925,2.0788333333333333,1.05,2.33,CRITICAL
0.98,1.67,-0.010000000000000009,-0.3700000000000001,0.9806666666666665,1.9243333333333335,1.01,2.04,CRITICAL
1.14,1.53,0.1399999999999999,-0.44999999999999996,1.0163333333333333,1.725166666666667,1.15,2.01,CRITICAL
1.16,1.86,0.10999999999999988,0.6400000000000001,1.1795,1.3491666666666664,1.25,1.9,CRITICAL
1.11,1.36,-0.11999999999999988,0.14000000000000012,1.1686666666666665,1.5094999999999998,1.25,1.9,CRITICAL
1.03,1.57,-0.1299999999999999,-0.30000000000000004,1.091,1.4366666666666668,1.16,1.87,CRITICAL
1.0,2.67,-0.09000000000000008,1.3299999999999998,1.047,1.8323333333333331,1.11,2.67,CRITICAL
1.05,2.75,0.010000000000000009,1.07,1.0286666666666666,2.525333333333333,1.06,2.75,CRITICAL
1.04,2.76,0.030000000000000027,0.07999999999999963,1.0235,2.738166666666667,1.06,2.81,CRITICAL
1.02,2.82,-0.040000000000000036,0.07999999999999963,1.024666666666667,2.7793333333333337,1.06,2.83,CRITICAL
0.97,2.8,-0.07000000000000006,0.040000000000000036,1.0130000000000001,2.8145000000000002,1.04,2.87,CRITICAL
1.02,2.63,0.0,-0.20999999999999996,0.9958333333333333,2.789166666666666,1.02,2.87,CRITICAL
0.98,2.47,-0.010000000000000009,-0.3299999999999996,0.9946666666666666,2.6355,1.02,2.82,CRITICAL
0.93,2.36,-0.07999999999999996,-0.27,0.9774999999999999,2.4710000000000005,1.02,2.63,CRITICAL
0.91,2.26,-0.06999999999999995,-0.1900000000000004,0.9398333333333331,2.3593333333333333,0.98,2.45,CRITICAL
0.95,2.2,0.010000000000000009,-0.1599999999999997,0.9163333333333334,2.269999999999999,0.95,2.36,CRITICAL
1.06,2.23,0.15000000000000002,-0.029999999999999805,0.9541666666666667,2.2039999999999997,1.06,2.27,CRITICAL
1.03,2.35,0.06000000000000005,0.16000000000000014,1.0338333333333332,2.290833333333333,1.1,2.45,CRITICAL
1.02,2.72,-0.040000000000000036,0.4500000000000002,1.0470000000000002,2.4983333333333335,1.1,2.72,CRITICAL
0.96,2.65,-0.08000000000000007,0.2999999999999998,1.0053333333333334,2.67,1.04,2.79,CRITICAL
0.94,2.46,-0.07000000000000006,-0.27,0.9731666666666666,2.646333333333333,1.01,2.79,CRITICAL
0.93,2.35,-0.039999999999999925,-0.2799999999999998,0.9448333333333332,2.4765000000000006,0.97,2.63,CRITICAL
2.76,0.92,1.8399999999999999,0.26,1.3576666666666666,0.6801666666666668,2.76,0.92,CRITICAL
2.66,1.67,1.75,1.0099999999999998,2.2856666666666663,1.0838333333333332,2.84,1.67,CRITICAL
2.32,1.61,-0.48,0.6200000000000001,2.626,1.5988333333333336,2.84,1.78,CRITICAL
2.1,1.27,-0.5499999999999998,-0.3999999999999999,2.3388333333333335,1.5686666666666667,2.65,1.78,CRITICAL
2.09,1.18,-0.2200000000000002,-0.40000000000000013,2.1536666666666666,1.3133333333333337,2.31,1.58,CRITICAL
1.94,1.06,-0.16999999999999993,-0.19999999999999996,2.0576666666666665,1.1603333333333332,2.13,1.26,CRITICAL
1.89,1.03,-0.17999999999999994,-0.1399999999999999,1.9608333333333332,1.072833333333333,2.08,1.17,CRITICAL
2.47,1.14,1.2800000000000002,0.32999999999999985,1.393833333333333,0.8391666666666667,2.47,1.14,CRITICAL
2.17,1.08,0.99,0.27,1.9595,0.9989999999999999,2.47,1.2,CRITICAL
2.01,1.05,-0.4500000000000002,-0.10999999999999988,2.183,1.0856666666666668,2.46,1.2,CRITICAL
1.92,0.96,-0.2400000000000002,-0.1100000000000001,2.0208333333333335,1.018,2.16,1.07,CRITICAL
1.74,0.88,-0.26,-0.16000000000000003,1.913,0.9531666666666667,2.03,1.05,CRITICAL
1.98,0.74,0.78,0.0,1.6253333333333335,0.7391666666666665,2.02,0.75,CRITICAL
1.89,0.73,0.1399999999999999,-0.010000000000000009,1.9206666666666665,0.7344999999999999,2.02,0.75,CRITICAL
2.13,0.78,0.16999999999999993,0.050000000000000044,1.917833333333333,0.7406666666666666,2.13,0.78,CRITICAL
2.04,0.91,0.17999999999999994,0.18000000000000005,2.033666666666667,0.8026666666666664,2.21,0.91,CRITICAL
2.03,0.87,-0.1200000000000001,0.09999999999999998,2.059833333333333,0.8746666666666667,2.21,0.92,CRITICAL
2.48,0.92,0.43999999999999995,0.010000000000000009,2.131333333333333,0.8961666666666669,2.48,0.92,CRITICAL
2.3,0.93,0.2599999999999998,0.050000000000000044,2.355666666666667,0.9148333333333333,2.52,0.94,CRITICAL
2.05,0.86,-0.4500000000000002,-0.050000000000000044,2.3060000000000005,0.9116666666666666,2.52,0.94,CRITICAL
1.88,0.82,-0.41999999999999993,-0.10000000000000009,2.0643333333333334,0.8666666666666666,2.3,0.93,CRITICAL
1.8,0.81,-0.24,-0.04999999999999993,1.9018333333333333,0.8261666666666667,2.04,0.86,CRITICAL
1.99,0.92,0.6100000000000001,0.12,1.6514999999999997,0.8641666666666666,2.01,0.95,CRITICAL
2.49,0.88,0.8700000000000001,0.030000000000000027,2.050333333333333,0.9093333333333333,2.49,0.95,CRITICAL
2.4,1.25,0.41999999999999993,0.32999999999999996,2.3628333333333336,0.9910000000000001,2.61,1.25,CRITICAL
2.21,1.17,-0.29000000000000004,0.2899999999999999,2.4078333333333335,1.146166666666667,2.61,1.25,CRITICAL
2.19,1.06,-0.20000000000000018,-0.18999999999999995,2.2503333333333333,1.1675,2.39,1.25,CRITICAL
2.09,1.0,-0.11000000000000032,-0.17999999999999994,2.1725,1.0783333333333331,2.25,1.18,CRITICAL
2.02,0.97,-0.16999999999999993,-0.09000000000000008,2.099833333333333,1.0119999999999998,2.19,1.06,CRITICAL
2.04,0.91,-0.04999999999999982,-0.09999999999999998,2.0468333333333333,0.969,2.12,1.02,CRITICAL
2.07,0.87,0.04999999999999982,-0.09999999999999998,2.048333333333333,0.9126666666666665,2.1,0.97,CRITICAL
1.95,0.85,-0.09999999999999987,-0.06000000000000005,2.0415,0.8726666666666667,2.1,0.91,CRITICAL
1.87,0.83,-0.20999999999999996,-0.050000000000000044,1.9621666666666668,0.8503333333333333,2.08,0.88,CRITICAL
1.15,1.74,-0.13000000000000012,0.52,1.2076666666666669,1.4268333333333334,1.28,1.82,CRITICAL
1.07,1.41,-0.15999999999999992,0.05999999999999983,1.1355,1.5766666666666667,1.23,1.82,CRITICAL
0.91,1.73,-0.029999999999999916,0.85,0.9314999999999998,1.348833333333333,0.96,1.85,CRITICAL
0.9,1.41,-0.039999999999999925,-0.050000000000000044,0.9163333333333331,1.6001666666666667,0.94,1.85,CRITICAL
0.9,1.64,-0.030000000000000027,-0.10000000000000009,0.903,1.7036666666666667,0.93,1.82,CRITICAL
0.93,1.12,0.030000000000000027,-0.5199999999999998,0.9079999999999999,1.5078333333333334,0.94,1.82,CRITICAL
0.93,2.18,0.050000000000000044,1.2000000000000002,0.8993333333333333,1.6763333333333337,0.93,2.18,CRITICAL
0.92,2.28,0.030000000000000027,0.6199999999999999,0.9125,2.1148333333333333,0.94,2.35,CRITICAL
0.89,1.94,-0.040000000000000036,-0.25,0.9091666666666666,2.201333333333333,0.94,2.35,CRITICAL
0.9,1.98,-0.010000000000000009,-0.29000000000000004,0.8971666666666666,2.0206666666666666,0.91,2.27,CRITICAL
1.01,1.9,0.12,-0.030000000000000027,0.9243333333333333,1.9081666666666668,1.01,2.01,CRITICAL
1.06,2.0,0.15000000000000002,0.040000000000000036,0.9925,1.9104999999999999,1.07,2.0,CRITICAL
1.06,2.05,0.050000000000000044,0.1499999999999999,1.052166666666667,1.9546666666666668,1.08,2.05,CRITICAL
0.98,2.35,-0.08000000000000007,0.3500000000000001,1.0443333333333333,2.1026666666666665,1.08,2.35,CRITICAL
0.94,2.3,-0.1200000000000001,0.20999999999999996,0.9896666666666666,2.2798333333333343,1.06,2.36,CRITICAL
0.92,2.09,-0.05999999999999994,-0.26000000000000023,0.9466666666666668,2.2034999999999996,0.98,2.36,CRITICAL
0.9,1.85,-0.04999999999999993,-0.4299999999999997,0.9203333333333332,2.095833333333333,0.95,2.28,CRITICAL
0.9,1.56,-0.020000000000000018,-0.5499999999999998,0.9049999999999999,1.8964999999999999,0.93,2.27,CRITICAL
0.94,1.4,0.029999999999999916,-0.44000000000000017,0.9063333333333332,1.5778333333333336,0.95,1.84,CRITICAL
2.75,1.81,1.81,1.1,1.6773333333333336,1.1381666666666668,2.76,1.83,CRITICAL
2.38,1.66,1.0,0.7899999999999999,2.4776666666666665,1.6593333333333333,2.77,1.83,CRITICAL
2.25,1.57,-0.52,-0.24,2.433,1.7089999999999996,2.77,1.81,CRITICAL
2.13,1.35,-0.25,-0.31999999999999984,2.2486666666666664,1.558,2.38,1.7,CRITICAL
2.04,1.25,-0.20999999999999996,-0.30000000000000004,2.132833333333333,1.3758333333333335,2.25,1.55,CRITICAL
1.99,1.17,-0.13000000000000012,-0.17000000000000015,2.0516666666666663,1.2538333333333336,2.13,1.34,CRITICAL
1.88,1.1,-0.16000000000000014,-0.1499999999999999,1.967,1.1711666666666667,2.05,1.25,CRITICAL
2.84,1.5,0.8599999999999999,0.33000000000000007,2.1745,1.1801666666666668,2.84,1.5,CRITICAL
2.94,1.6,1.0799999999999998,0.5,2.6688333333333327,1.4140000000000001,2.97,1.67,CRITICAL
2.91,1.58,0.10000000000000009,0.07000000000000006,2.9159999999999995,1.6271666666666664,2.97,1.7,CRITICAL
2.74,1.73,-0.20999999999999996,0.11999999999999988,2.8745,1.6350000000000005,2.97,1.76,CRITICAL
2.59,1.49,-0.27,-0.08000000000000007,2.74,1.6153333333333333,2.89,1.76,CRITICAL
2.51,1.29,-0.2100000000000004,-0.4099999999999999,2.6021666666666667,1.4996666666666667,2.72,1.7,CRITICAL
2.5,1.25,-0.08999999999999986,-0.21999999999999997,2.5175,1.3166666666666667,2.59,1.47,CRITICAL
2.47,1.26,-0.020000000000000018,-0.030000000000000027,2.4868333333333337,1.2345000000000002,2.51,1.29,CRITICAL
2.39,1.17,-0.06999999999999984,-0.07000000000000006,2.453833333333333,1.2251666666666667,2.51,1.28,CRITICAL
2.37,1.12,-0.10000000000000009,-0.1499999999999999,2.395833333333334,1.1841666666666664,2.47,1.28,CRITICAL
2.34,1.12,-0.07000000000000028,-0.04999999999999982,2.3531666666666666,1.1456666666666668,2.41,1.18,CRITICAL
2.28,1.07,-0.0900000000000003,-0.06999999999999984,2.3271666666666664,1.124833333333333,2.38,1.18,CRITICAL
2.28,1.04,-0.06000000000000005,-0.08000000000000007,2.2790000000000004,1.0755000000000003,2.35,1.12,CRITICAL
2.44,1.02,0.18000000000000016,-0.050000000000000044,2.266166666666666,1.0386666666666668,2.44,1.07,CRITICAL
2.41,1.01,0.15000000000000036,-0.020000000000000018,2.3745,1.0281666666666667,2.52,1.05,CRITICAL
2.24,0.99,-0.20999999999999996,-0.030000000000000027,2.382333333333334,1.0156666666666667,2.52,1.05,CRITICAL
2.2,1.03,-0.18999999999999995,0.010000000000000009,2.262333333333333,1.0080000000000002,2.39,1.04,CRITICAL
2.13,1.01,-0.11000000000000032,0.010000000000000009,2.192333333333333,1.0188333333333335,2.24,1.04,CRITICAL
2.05,0.99,-0.15000000000000036,-0.040000000000000036,2.130333333333333,1.0108333333333335,2.2,1.03,CRITICAL
2.03,0.98,-0.10000000000000009,-0.030000000000000027,2.065833333333333,0.9906666666666665,2.13,1.01,CRITICAL
1.97,0.97,-0.07999999999999985,-0.010000000000000009,2.018333333333333,0.9788333333333334,2.05,0.99,CRITICAL
1.93,1.01,-0.09999999999999987,0.020000000000000018,1.9708333333333337,0.9919999999999999,2.04,1.03,CRITICAL
2.76,1.18,1.13,0.2799999999999999,1.7355000000000003,0.9628333333333333,2.76,1.18,CRITICAL
2.67,1.32,1.0599999999999998,0.39,2.319,1.177,2.86,1.41,CRITICAL
